Customer ID,Gender,Age,City,Membership Type,Total Spend,Items Purchased,Average Rating,Discount Applied,Days Since Last Purchase,Satisfaction Level
101,Female,29,ENC:hGnoABg+/43xXJAiN337I+vOP0+ciRFPWKuJeO/sBKs=,TOK-003E6BD7,1120.2,14,4.6,True,25,Satisfied
102,Male,34,ENC:A2j7NL+p32enWWIefOY4CMcSdOV1fpOYx1Td1bnGjYc=,TOK-68D9784B,780.5,11,4.1,False,18,Neutral
103,Female,43,ENC:EuZWndr8xt0gfpMi9D2ipxUwnnQmuVENWQRAvBYWY5g=,TOK-16A5DDAD,510.75,9,3.4,True,42,Unsatisfied
104,Male,30,ENC:ca9LbRKxsd1WlzhWek+IsSwdNfANFJy/AqDFNpejMUk=,TOK-003E6BD7,1480.3,19,4.7,False,12,Satisfied
105,Male,27,ENC:18myLJ73ViZDhqBkOMpmh4jKNKIRfg45FJ8bH7XOPCY=,TOK-68D9784B,720.4,13,4.0,True,55,Unsatisfied
106,Female,37,ENC:n0d8LCPLVf2Q3BA9Hg/H2UCLZUQpFyvckb2EIIecYuQ=,TOK-16A5DDAD,440.8,8,3.1,False,22,Neutral
107,Female,31,ENC:peULUrWBcGTbFMElKYMV0vPE2Bg6qW5p3RJX9ebpmaE=,TOK-003E6BD7,1150.6,15,4.5,True,28,Satisfied
108,Male,35,ENC:HBCkeIMILQ3a1S+/pUX4eSBqHfy6gybDIAmT7dSRcrk=,TOK-68D9784B,800.9,12,4.2,False,14,Neutral
109,Female,41,ENC:YRrnCNZaDoB920FT7KFXVWH3uJ/shP0Vv3Qmt/4XkqA=,TOK-16A5DDAD,495.25,10,3.6,True,40,Unsatisfied
110,Male,28,ENC:nWZCqa1iiTe0DLwbD3g3uuyMrwHiAQLkxdscppIIJR4=,TOK-003E6BD7,1520.1,21,4.8,False,9,Satisfied
111,Male,32,ENC:I3OsvSuhcBSXBT93eZrmIKpYgkRtyHBWWTaJOKXQRM8=,TOK-68D9784B,690.3,11,3.8,True,34,Unsatisfied
112,Female,36,ENC:/R3GEGSt3PZz0mbJ8/r2NXADY4dtjDF8syUknBBWNuI=,TOK-16A5DDAD,470.5,7,3.2,False,20,Neutral
113,Female,30,ENC:L/hIrOtxwuXhrB+TFu/16CmMbEB/k+vsOLx7Xf/DGw4=,TOK-003E6BD7,1200.8,16,4.3,True,21,Satisfied
114,Male,33,ENC:kKZXfekhOKRR9Dok1jvCzlZ4RQKIb/Lm31eHSu5jb8M=,TOK-68D9784B,820.75,13,4.4,False,15,Satisfied
115,Female,42,ENC:ybna0SuYH58e7Z9Liy6Ov0SWHIrUXr4X5/d6JTi1DFA=,TOK-16A5DDAD,530.4,9,3.5,True,38,Unsatisfied
116,Male,29,ENC:DMvFN112UzD4/JroxOhfQUFvv7CAHKTrofB/kHYK3gU=,TOK-003E6BD7,1360.2,18,4.9,False,11,Satisfied
117,Male,26,ENC:VxZx25Nv7j/LNane4PdUUCRLlIR1QTkpqHRIjn5uwec=,TOK-68D9784B,700.6,12,3.7,True,48,Unsatisfied
118,Female,38,ENC:o++D4ehHZkghTHBvVJLULbmsxsfvd7H+gsI0k8Z4Fyc=,TOK-16A5DDAD,450.9,8,3.0,False,25,Neutral
119,Female,32,ENC:qBJWJkDSc+PG+fjhlBV9/8m1yHNQ2Rwxt1Wd9nNqvZE=,TOK-003E6BD7,1170.3,14,4.7,True,29,Satisfied
120,Male,34,ENC:emHyYdtFwakvOZRr1yH5iXnS0lubBPviteiabqJSFOo=,TOK-68D9784B,790.2,11,4.0,False,16,Neutral
121,Female,43,ENC:LShF419NFDcadU6Y/jzON7S1tBP6y6WJly199Le/z54=,TOK-16A5DDAD,505.75,10,3.3,True,41,Unsatisfied
122,Male,30,ENC:4mizCexa/YaE4tFXH2s60dj/GVciv9GUamlYAJLIsE0=,TOK-003E6BD7,1470.5,20,4.8,False,13,Satisfied
123,Male,27,ENC:gStbvdLkYN2OEbpCFKBdbUb94baD01Utrk3K9L6yGjM=,TOK-68D9784B,710.4,13,4.1,True,54,Unsatisfied
124,Female,37,ENC:Aj8l4VJOt5BJ5+QleW+GKrJujp3IYX73yvuVpttfCuY=,TOK-16A5DDAD,430.8,7,3.4,False,23,Neutral
125,Female,31,ENC:yQJ0aSbBmjbiW8UqXPZiXjiVwvXg8EtnXx0/psfSjew=,TOK-003E6BD7,1140.6,15,4.6,True,27,Satisfied
126,Male,35,ENC:LSPPF6TE/C/+Sfs1g4lB0NPukRhiCpywW4RYeATwLPg=,TOK-68D9784B,810.9,12,4.3,False,13,Neutral
127,Female,41,ENC:ClFdvzsNL2Q7KpgCPzguRTIIf7Izcg8lJGLLhrZkAW0=,TOK-16A5DDAD,485.25,9,3.6,True,39,Unsatisfied
128,Male,28,ENC:MK5zq05nuHnt5dwUfsyPvnumouIdBufQ+i6xuE5p2Jk=,TOK-003E6BD7,1500.1,21,4.9,False,10,Satisfied
129,Male,32,ENC:L5G0i4dp+JD8pM+glPD9xR+qu+XijySyYet4C3kASkY=,TOK-68D9784B,670.3,10,3.8,True,33,Unsatisfied
130,Female,36,ENC:/Y69OpVXWy4AJ9ilJXu/dklH+so0ZUiKw2wE8IXYgDY=,TOK-16A5DDAD,460.5,8,3.1,False,19,Neutral
131,Female,30,ENC:PxaRDseRQOgYgXb9DTLnKFl3VFbKbJESkmLEfp/0WYo=,TOK-003E6BD7,1190.8,16,4.5,True,20,Satisfied
132,Male,33,ENC:dFcK6WZw9vvxfs3JYU3OyLnbJy2pt5C/MBhYqUjYAfc=,TOK-68D9784B,830.75,13,4.2,False,14,Satisfied
133,Female,42,ENC:wm8FtUTzfjckhQPGLbmk7/pSntO54X1djcCEz2SAUVk=,TOK-16A5DDAD,520.4,9,3.5,True,37,Unsatisfied
134,Male,29,ENC:o0KOede9aTKBpUzHs9lafKspVaCEluoLQxfbS9mNhVI=,TOK-003E6BD7,1370.2,18,4.7,False,10,Satisfied
135,Male,26,ENC:5Fcbzz+LqjMmi9M/WMrcpH7+Nluc6RTXnTdbWjKlfg0=,TOK-68D9784B,690.6,12,3.9,True,47,Unsatisfied
136,Female,38,ENC:gr8LnKbUVFcX6TtKLpgYBM674fP+VXueAUM9TzI27/Q=,TOK-16A5DDAD,440.9,8,3.2,False,24,Neutral
137,Female,32,ENC:hazxUNLXrnHITp1pc+spOTMwj1zN+fnbpVgMTQrWz/w=,TOK-003E6BD7,1160.3,14,4.4,True,22,Satisfied
138,Male,34,ENC:CGMAFkG7iPMYxjGw5BvPfkq2xr6TQAwulTQdLDEDiEE=,TOK-68D9784B,800.2,11,4.1,False,17,Neutral
139,Female,43,ENC:Sp7qxL/oUU2jo6kjnsGDvHor6jCfObmQAeRNy17LYJg=,TOK-16A5DDAD,500.75,10,3.3,True,40,Unsatisfied
140,Male,30,ENC:px9Ax9d57No6ocpOrOfyU0Nh2y2CN0q7FgDPdMx7NNQ=,TOK-003E6BD7,1460.5,20,4.8,False,12,Satisfied
141,Male,27,ENC:Qat+a8SEdRlMadaJ9fBXdF/XpIzUnz1/pn0dBbfyFZk=,TOK-68D9784B,700.4,13,4.0,True,53,Unsatisfied
142,Female,37,ENC:iSsnQjXo7x36K7F0tJu2TPVN5kcG1VAnY0nizsbLD+s=,TOK-16A5DDAD,420.8,7,3.1,False,21,Neutral
143,Female,31,ENC:jhae+KUWRcjBGPZylSfkIcgvhu3aBThcTGhCkKdue9w=,TOK-003E6BD7,1130.6,15,4.5,True,26,Satisfied
144,Male,35,ENC:Y1wrohUXhspimFlw3nan+clwso1n9cXaiLAdwNHbRCU=,TOK-68D9784B,820.9,12,4.3,False,12,Neutral
145,Female,41,ENC:813irFdcNumJ9lNtuEIydbl9vvYSkSsbzgxY4r2ze98=,TOK-16A5DDAD,480.25,9,3.6,True,38,Unsatisfied
146,Male,28,ENC:cooghv+BKSiil8c1tD/HBR9xAtYoYL29uI/yi8louko=,TOK-003E6BD7,1490.1,21,4.9,False,9,Satisfied
147,Male,32,ENC:nOUuHkLjgGMguYWNcrARxKmTLYbm8gDvFvrZ4ZnyrCw=,TOK-68D9784B,680.3,10,3.8,True,32,Unsatisfied
148,Female,36,ENC:hChaLgq5bTAZPeG8XoAMVphRWela6R3QSSQLh5dMmgM=,TOK-16A5DDAD,470.5,8,3.0,False,18,Neutral
149,Female,30,ENC:2TQDICsMssbyCAi1LpfpLgcoamt1oWIUHesBQCtL1Os=,TOK-003E6BD7,1180.8,16,4.7,True,19,Satisfied
150,Male,34,ENC:QQyLd4q4iEzYfu93A37a5vnAT5ApOyBipPJJ4A4lAzk=,TOK-68D9784B,790.2,11,4.0,False,15,Neutral
151,Female,43,ENC:J6uKlka5CBJsA4fZTSQ8Jy/9xGahMrUxpj2EYQhTTV4=,TOK-16A5DDAD,505.75,10,3.3,True,39,Unsatisfied
152,Male,30,ENC:kwq3TSdqjN3BnIj7ESus/3qkmHNMNzAoWty3sPEFq6I=,TOK-003E6BD7,1470.5,20,4.8,False,13,Satisfied
153,Male,27,ENC:3E8IDbGV19wUcWg1QcEzP+7AstZD8T+JzrNtW0uv1mg=,TOK-68D9784B,710.4,13,4.1,True,54,Unsatisfied
154,Female,37,ENC:t8JodKWzV01dmGZjcaH6Y0H5zOU+sdCSalBsqk2NovY=,TOK-16A5DDAD,430.8,7,3.4,False,23,Neutral
155,Female,31,ENC:57xk5H8kNoaYphsIt22dBi2mJXlx+wOlSyzVcj9DBCc=,TOK-003E6BD7,1140.6,15,4.6,True,27,Satisfied
156,Male,35,ENC:zyluzRV+IOjripi2/G9VeRz5iMoqOyZ0zqjylkI3h5A=,TOK-68D9784B,810.9,12,4.3,False,13,Neutral
157,Female,41,ENC:NWsEg6JE4IwMQdteGxOKyZ3hSoLTvWuDyEj4FL4msqs=,TOK-16A5DDAD,485.25,9,3.6,True,39,Unsatisfied
158,Male,28,ENC:b0mH/OkIETTCUKBd7XLxluTpWS95W2Nz39R2Kph61po=,TOK-003E6BD7,1500.1,21,4.9,False,10,Satisfied
159,Male,32,ENC:9RhaaGQ+R+FT2EiwHVeJO4EvtFYLXy7VsUj5+h7ti3Q=,TOK-68D9784B,670.3,10,3.8,True,33,Unsatisfied
160,Female,36,ENC:+lew45QmfX6JicHQ6RVbEzkSgXv7MEH5wWyzbg2MMdo=,TOK-16A5DDAD,460.5,8,3.1,False,19,Neutral
161,Female,30,ENC:RcURG3Iw5MHBr9zDZIvULcZnPGPBFSfnodTn197SWcE=,TOK-003E6BD7,1190.8,16,4.5,True,20,Satisfied
162,Male,33,ENC:e5BiiOh3SOyjpCakjRsHWvDGWrdUspBIaPZkzcPjE0I=,TOK-68D9784B,830.75,13,4.2,False,14,Satisfied
163,Female,42,ENC:RUWeosct4TKdJYwS5OJPkAPnviNKipgtnoc0pS6vQLY=,TOK-16A5DDAD,520.4,9,3.5,True,37,Unsatisfied
164,Male,29,ENC:biJLmy4lTAEJPTX0iF6uXb4Qw6SJqsw9CkC2gQJicdM=,TOK-003E6BD7,1370.2,18,4.7,False,10,Satisfied
165,Male,26,ENC:SqdetlIe6OwZLskexA/Kcp+A+9qwD7mjzjZwP1B86Uo=,TOK-68D9784B,690.6,12,3.9,True,47,Unsatisfied
166,Female,38,ENC:nZMzfbVc7drYeDQb2G4MG806yiogicKR06MB88GpB18=,TOK-16A5DDAD,440.9,8,3.2,False,24,Neutral
167,Female,32,ENC:RCKtWsd21IeQ/esLNzIl6DoB0UnVAExAKYoZrxiwCi8=,TOK-003E6BD7,1160.3,14,4.4,True,22,Satisfied
168,Male,34,ENC:U5Yf959mfjb3ZwuoZPwpD8dzsZvWoiqOnkSH4e0ZSRk=,TOK-68D9784B,800.2,11,4.1,False,17,Neutral
169,Female,43,ENC:7ZdsiG2RatksjV08/7rziEB3nLviOlQHgdB7Z/wzHS4=,TOK-16A5DDAD,500.75,10,3.3,True,40,Unsatisfied
170,Male,30,ENC:AxjkMUoCaT8pbIN4lXOKctJqDg/ytFq8agFUr9V/SEc=,TOK-003E6BD7,1460.5,20,4.8,False,12,Satisfied
171,Male,27,ENC:y4jpK1vLv38XEwyvkxOXDzfe0RzSIevBcDr75hL6s7A=,TOK-68D9784B,700.4,13,4.0,True,53,Unsatisfied
172,Female,37,ENC:NDNI/+J9f7R45lDz2BFha38wQSjSakMKFuY+4G8gUiw=,TOK-16A5DDAD,420.8,7,3.1,False,21,
173,Female,31,ENC:IK8YjybTsh6ROiHByuT9ppA38ThOvET4PAJSdRKBWTc=,TOK-003E6BD7,1130.6,15,4.5,True,26,Satisfied
174,Male,35,ENC:nEyaZKBoeNl385M6rUueZ+mLHiiIg6p/6lBrnrTxd9U=,TOK-68D9784B,820.9,12,4.3,False,12,Neutral
175,Female,41,ENC:ZAPklojONcOfLpNyMFsTfG7VZe+lFXfiaqhU9jZ5iQI=,TOK-16A5DDAD,480.25,9,3.6,True,38,Unsatisfied
176,Male,28,ENC:XUUpWI78A6qQY54wgABggtT4skbJQaiUKDxb1hhgIHs=,TOK-003E6BD7,1490.1,21,4.9,False,9,Satisfied
177,Male,32,ENC:icA8o4jlT5UFQJQmClimmQOuGBvc4a46hWa4B8x9il4=,TOK-68D9784B,680.3,10,3.8,True,32,Unsatisfied
178,Female,36,ENC:KCqk/aS6gcsaglABllN3vU7AbNcXpsvZs5BzMKJMP9U=,TOK-16A5DDAD,470.5,8,3.0,False,18,Neutral
179,Female,30,ENC:pbV4rsy2h02X2ON3P3EEvwN5ZdB3aAppnnauQxy704M=,TOK-003E6BD7,1180.8,16,4.7,True,19,Satisfied
180,Male,34,ENC:zxCxY7pWUz2+Lkj/rS66M7Z78nu3CD4dqQ9Le8B49bc=,TOK-68D9784B,790.2,11,4.0,False,15,Neutral
181,Female,43,ENC:yCntepEur0AGh3yeGBRgO+VP88o0l7rJicCeNznTSQE=,TOK-16A5DDAD,505.75,10,3.3,True,39,Unsatisfied
182,Male,30,ENC:Lqdc7M0Yl1fDA+O8+mGeA5TuhFgzRBJeITOfZZEBqlE=,TOK-003E6BD7,1470.5,20,4.8,False,13,Satisfied
183,Male,27,ENC:mPIUVegVpEh6P1gEgVyO9aqopFmaIqdAhfJ8KXgkVyQ=,TOK-68D9784B,710.4,13,4.1,True,54,Unsatisfied
184,Female,37,ENC:gv3stixLKIUEDBuT0rj4mqE4cLKaavP3kIvwwt+EaJI=,TOK-16A5DDAD,430.8,7,3.4,False,23,Neutral
185,Female,31,ENC:nhgBhIvEIsW8xBGD0cMrk6gDIpOv2f5oTKNXOlLwmE4=,TOK-003E6BD7,1140.6,15,4.6,True,27,Satisfied
186,Male,35,ENC:EcUmWgb1MyOuTa2RmZSTRoHbcraqfnhU0DeQUf1ADEY=,TOK-68D9784B,810.9,12,4.3,False,13,Neutral
187,Female,41,ENC:oYXeXz1CcQmG48XZMcwBMBH/Xm7T9aDdH7soqFey6gA=,TOK-16A5DDAD,485.25,9,3.6,True,39,Unsatisfied
188,Male,28,ENC:5TDu5946L1lyThuIrk1/9Lz7jYfTkaU2i2DnAxMeeQE=,TOK-003E6BD7,1500.1,21,4.9,False,10,Satisfied
189,Male,32,ENC:yM5RdyKRBiJiU8iBCoWGwQvH1dkKK1eBflxIdXtuw/Q=,TOK-68D9784B,670.3,10,3.8,True,33,Unsatisfied
190,Female,36,ENC:C1AP7nM65ZkpE913jjNekfPsPtuQhIkREfrzS72aR9U=,TOK-16A5DDAD,460.5,8,3.1,False,19,Neutral
191,Female,30,ENC:cQZ+k8M1phgu0OHL+aTkc2X5acLdPIakso3kPBxCaDY=,TOK-003E6BD7,1190.8,16,4.5,True,20,Satisfied
192,Male,33,ENC:I1mkcCwtjNLBMQJys4qrHyyR39kmlbNdCbOMko02hDA=,TOK-68D9784B,830.75,13,4.2,False,14,Satisfied
193,Female,42,ENC:fYR6Ipb0L4Jz17AXJlzgx80J3UVGvKm9g6uqBvHxpss=,TOK-16A5DDAD,520.4,9,3.5,True,37,Unsatisfied
194,Male,29,ENC:QlQOMNnoBh7tBJGyl4wF4zRahCtmqHyhj++NB+UouAs=,TOK-003E6BD7,1370.2,18,4.7,False,10,Satisfied
195,Male,26,ENC:u3Nzf2Q9h8FJWQzbrqELjecgYo7G9pvQr/Dlv0jZFEw=,TOK-68D9784B,690.6,12,3.9,True,47,Unsatisfied
196,Female,38,ENC:ReOCsozb41xS4uKOlrs4iFQWLFcZZdJcCA4Qhukacgc=,TOK-16A5DDAD,440.9,8,3.2,False,24,Neutral
197,Female,32,ENC:IXV6ZZjkublPquYaQFbPd25FXi+b4tH9E9pguwtu6NE=,TOK-003E6BD7,1160.3,14,4.4,True,22,Satisfied
198,Male,34,ENC:/AQF+Q8aycbIZzuoKXMK05pvmjAvNDerKdtkk5h+Zy0=,TOK-68D9784B,800.2,11,4.1,False,17,Neutral
199,Female,43,ENC:4aU3SHm8mUoO2SqhM4LSyPPkpvxhZJ/zWMoOahke/iU=,TOK-16A5DDAD,500.75,10,3.3,True,40,Unsatisfied
200,Male,30,ENC:DNCoiFBXhRWW3Gr872XAq12Du/0yX86j0uZoDwPrauM=,TOK-003E6BD7,1460.5,20,4.8,False,12,Satisfied
201,Male,27,ENC:3WiuUB1O/NTBW9ptSJ9xQp92DWaJJPbrLp7YVHZK6Vo=,TOK-68D9784B,700.4,13,4.0,True,53,Unsatisfied
202,Female,37,ENC:lRbvXZJGrwBTRWLWos4lAoPpo3QkDxGhUnOHO3ll/Qc=,TOK-16A5DDAD,420.8,7,3.1,False,21,Neutral
203,Female,31,ENC:E9JRops0xHHODzDr/F99/r5x2Iou0hAnQz+hi8isunE=,TOK-003E6BD7,1130.6,15,4.5,True,26,Satisfied
204,Male,35,ENC:dXP1IcZ3wciS+cP3QgGshJdP6KxarZ4w35gy4RhAQFo=,TOK-68D9784B,820.9,12,4.3,False,12,Neutral
205,Female,41,ENC:d4h216wL3DVUxmO5i9GCrIznQiKRf+W5uocBvwoALFk=,TOK-16A5DDAD,480.25,9,3.6,True,38,Unsatisfied
206,Male,28,ENC:y/7ftXesxm6ZppRor0WPyYdD0+iiaI0KLGp4So0L3og=,TOK-003E6BD7,1490.1,21,4.9,False,9,Satisfied
207,Male,32,ENC:7tDtbQH/3Ocs1QhB/OYGFpOsNgLHzBXw2mkxvolAhzU=,TOK-68D9784B,680.3,10,3.8,True,32,Unsatisfied
208,Female,36,ENC:e+cqp6g15A+O6zoYAv5SV1KcWz9eRaxfj2SqDHyIW8s=,TOK-16A5DDAD,470.5,8,3.0,False,18,Neutral
209,Female,30,ENC:+FJ8JwHrjNUG7kuujL5HXrOXyqtlRN1DOytfb1Ld6EM=,TOK-003E6BD7,1180.8,16,4.7,True,19,Satisfied
210,Male,34,ENC:cfS6OT2Ksm9Lhvx4EJbXJZiOXm/8Et14Oj4xNhUlM+s=,TOK-68D9784B,790.2,11,4.0,False,15,Neutral
211,Female,43,ENC:+7jTi46WrPGG/VktWzp4oDjPF+Beq7556EP71yVrEHA=,TOK-16A5DDAD,505.75,10,3.3,True,39,Unsatisfied
212,Male,30,ENC:XnPsn623A5dIEZMD1SZ62N3lMclYlGzz21hKg29CI+A=,TOK-003E6BD7,1470.5,20,4.8,False,13,Satisfied
213,Male,27,ENC:iCJeBUF+v0x8aBgrUDn1EDY8mcpg8vZ1Tz55gtQPstk=,TOK-68D9784B,710.4,13,4.1,True,54,Unsatisfied
214,Female,37,ENC:+YhrOo+w64QZzUxJjNb8TD7hAqY+7BcURCmKxYIuakQ=,TOK-16A5DDAD,430.8,7,3.4,False,23,Neutral
215,Female,31,ENC:GDGgykid3Hlcg52Zy2q8sHIiiCjH9FkTdMy1rsej4CY=,TOK-003E6BD7,1140.6,15,4.6,True,27,Satisfied
216,Male,35,ENC:tyQ0IQ/4rizq9P6RELTb17OsfrYKgIENTwMepE4muzs=,TOK-68D9784B,810.9,12,4.3,False,13,Neutral
217,Female,41,ENC:tE7f8BMeT2QUSmh+A5yyNhmuCMV+NZPcpxL1MIlK3Oc=,TOK-16A5DDAD,485.25,9,3.6,True,39,Unsatisfied
218,Male,28,ENC:UIpXR9X1MOmsQSZAevO+qIOJvTrccJJ2q/FchnzHhCg=,TOK-003E6BD7,1500.1,21,4.9,False,10,Satisfied
219,Male,32,ENC:Fozq/DIxWpMRBphmRJwzsbhXLrL0rku5TyG8oRvHmoI=,TOK-68D9784B,670.3,10,3.8,True,33,Unsatisfied
220,Female,36,ENC:e+PXv+6LTLOqlYuHaat9bzdAD9nNw3wgPozBFN4dIIs=,TOK-16A5DDAD,460.5,8,3.1,False,19,Neutral
221,Female,30,ENC:Vg8nQ9j3LYNnfPeKYLqpxtzy0IOoM4Sw/j/R31La6M4=,TOK-003E6BD7,1190.8,16,4.5,True,20,Satisfied
222,Male,33,ENC:5tDbHLlm4qvo97HTC+Qzi5rx/Dz+PPh+s2q+whelYsQ=,TOK-68D9784B,830.75,13,4.2,False,14,Satisfied
223,Female,42,ENC:pvIbndKdkCuLJjxCCkb9fT8dmVi9xQQI3ci3ZG+KV3c=,TOK-16A5DDAD,520.4,9,3.5,True,37,Unsatisfied
224,Male,29,ENC:5XJdHSzJI+no6+Ad21xHI+Po2hY6sOqnL6pW946q6t0=,TOK-003E6BD7,1370.2,18,4.7,False,10,Satisfied
225,Male,26,ENC:ataHCZvoI0Mzu8ibc95y9x/ECIWg+HhUASm38OU84vU=,TOK-68D9784B,690.6,12,3.9,True,47,Unsatisfied
226,Female,38,ENC:nV3BtoVFKrZu73xKALGp+MYvdpksuRxLbBhLA5n+bKk=,TOK-16A5DDAD,440.9,8,3.2,False,24,Neutral
227,Female,32,ENC:8xtCY/Rlva95eOayAl6LpDCD/2aehSU5XBpEo9yDzQc=,TOK-003E6BD7,1160.3,14,4.4,True,22,Satisfied
228,Male,34,ENC:8cqtsw9CBgArJCm/jkVM+JGTcQ++8RrJZvsip7xVRjM=,TOK-68D9784B,800.2,11,4.1,False,17,Neutral
229,Female,43,ENC:IfYaa9vgfO9ojd3TR3LtReNoUUZ92MkMDIcxUJvCoDg=,TOK-16A5DDAD,500.75,10,3.3,True,40,Unsatisfied
230,Male,30,ENC:Qo908RtX6fZ1YVXKkk5f9BexsGX5y3yvhag8XI94Myw=,TOK-003E6BD7,1460.5,20,4.8,False,12,Satisfied
231,Male,27,ENC:eSki7iYP+Z5+iwFr44NTsk+wh0o9gmxuPuB6h+7bNj4=,TOK-68D9784B,700.4,13,4.0,True,53,Unsatisfied
232,Female,37,ENC:FgQFUey5Cti9qTQ/kCz6mOUoK+sDqR6QPqcvil8B8Ro=,TOK-16A5DDAD,420.8,7,3.1,False,21,Neutral
233,Female,31,ENC:pVSD/+yIwelQHc3fJMyIaCb32DgwSel2jmarncoxLpQ=,TOK-003E6BD7,1130.6,15,4.5,True,26,Satisfied
234,Male,35,ENC:WyqLdereC7Blz35MUF01Pe7eutQUhlk5M9s8HQGBX3Y=,TOK-68D9784B,820.9,12,4.3,False,12,Neutral
235,Female,41,ENC:/ylH2whVpYxaTksTwdQEgVqE9fEyHzbfhkGzVNrweBc=,TOK-16A5DDAD,480.25,9,3.6,True,38,Unsatisfied
236,Male,28,ENC:i5pSOVJu0gbaxmFDv/8ezJrNyJzoeH6UUdOboCBzRzs=,TOK-003E6BD7,1490.1,21,4.9,False,9,Satisfied
237,Male,32,ENC:hLrM8V4DUB3QLvAxBXlDAlf25eHXHS4aDh2lGe/ahcc=,TOK-68D9784B,680.3,10,3.8,True,32,Unsatisfied
238,Female,36,ENC:bvfPF/pWQd/KzDw28d/ImK/TdT0oozNIQgdVbpzYziQ=,TOK-16A5DDAD,470.5,8,3.0,False,18,Neutral
239,Female,30,ENC:/0I86HmlEPJA4vwAhZnzRFGHDyzuGAhqCWi/KTkUwLI=,TOK-003E6BD7,1180.8,16,4.7,True,19,Satisfied
240,Male,34,ENC:3MEAIoWjk9X8u6GzEZs5/fVRPUg6Ihg15i+DK+WjpGc=,TOK-68D9784B,790.2,11,4.0,False,15,Neutral
241,Female,43,ENC:LVhBvRUqyNN1ny76K1ef0k7iEFGPhne3Qn4KKKFUXfM=,TOK-16A5DDAD,505.75,10,3.3,True,39,Unsatisfied
242,Male,30,ENC:aCLxABG2xHpnFsvhU5FRZGntPHwGDjr4xlEa1kiXw7g=,TOK-003E6BD7,1470.5,20,4.8,False,13,Satisfied
243,Male,27,ENC:w79w2J1l2wMFhXVMgYEJVr6kZDF72FEf8jZOgrRC97Q=,TOK-68D9784B,710.4,13,4.1,True,54,Unsatisfied
244,Female,37,ENC:o3+z6gAQ8wIC9SfFtYeiPzcubwlOLnPddrBsLWHhLCk=,TOK-16A5DDAD,430.8,7,3.4,False,23,
245,Female,31,ENC:CYlWeSIcRZ3YYDpRjHzmzq2H4RsRp07OQdli7zABv9I=,TOK-003E6BD7,1130.6,15,4.5,True,26,Satisfied
246,Male,35,ENC:Av0bNX4Xs0TOpbYui/YwMv3hczxPtSpTSDOA/Reu4y8=,TOK-68D9784B,820.9,12,4.3,False,12,Neutral
247,Female,41,ENC:ZKy4ibTihfhqPksfF53D5MvXcLyfJeBoHw/ERm0xo2Y=,TOK-16A5DDAD,480.25,9,3.6,True,38,Unsatisfied
248,Male,28,ENC:DFb/7dJ6r7xzo2wTzHGe84z3rrp5/0Sgc6Es7XkgvU8=,TOK-003E6BD7,1490.1,21,4.9,False,9,Satisfied
249,Male,32,ENC:M/711Jb7p8NU68eaK7UfXTjfYYK4D12O5jYa6ZOzDEM=,TOK-68D9784B,680.3,10,3.8,True,32,Unsatisfied
250,Female,36,ENC:LSRkK4C4AGWLJ+IWqu+51PDhSqnM3JQgA/+eL5g5PH4=,TOK-16A5DDAD,470.5,8,3.0,False,18,Neutral
251,Female,30,ENC:bBFkaF9c7LfB7Gwk8Cg8lgKGHR0FpruYAPeyualqsOM=,TOK-003E6BD7,1180.8,16,4.7,True,19,Satisfied
252,Male,34,ENC:AfXmPhjr1UjUdMEC77UoQUSsja5vfvC3OfxfU1TqTbg=,TOK-68D9784B,790.2,11,4.0,False,15,Neutral
253,Female,43,ENC:vbF88O/6bsFV6iuCXw3I98INtnPFhihi0xuUrpTBgOE=,TOK-16A5DDAD,505.75,10,3.3,True,39,Unsatisfied
254,Male,30,ENC:xhfOS9icM7vrGVH8McIJVkMLmKakM6mmfioVL+vlkK8=,TOK-003E6BD7,1470.5,20,4.8,False,13,Satisfied
255,Male,27,ENC:umArhc7ze4QhgpmjAvS+5lzv78x2YGGXwsVlbkSHOVI=,TOK-68D9784B,710.4,13,4.1,True,54,Unsatisfied
256,Female,37,ENC:v4mDREdR1e1GAoAKNIGluay4ixBcCzXAaP2cdO/iaEw=,TOK-16A5DDAD,430.8,7,3.4,False,23,Neutral
257,Female,31,ENC:d/b/Grd8LT/FQOEcEDEUgxxhXbonpTQGqZEiEE9B2xE=,TOK-003E6BD7,1140.6,15,4.6,True,27,Satisfied
258,Male,35,ENC:0/E/vmUJbqgzd+Z04s1IundasOfym2c0jtzPCLFTP/I=,TOK-68D9784B,810.9,12,4.3,False,13,Neutral
259,Female,41,ENC:lEiLHhaCXhUxxuw6P6X043Q92d0eD7cF0cBYziHkwbo=,TOK-16A5DDAD,485.25,9,3.6,True,39,Unsatisfied
260,Male,28,ENC:QdcPRY87wdZBYhIhupcTUAI+tyQHVIkA58SxyO2FcwA=,TOK-003E6BD7,1500.1,21,4.9,False,10,Satisfied
261,Male,32,ENC:oAR/3NRNobHxSHcQdWOLiMWmcoJ2cOTNUJ4FKF8X9XY=,TOK-68D9784B,670.3,10,3.8,True,33,Unsatisfied
262,Female,36,ENC:zihx0Dx6NDCxZ5511DY4XV3Z+RdA7seprdsyx8gHVBY=,TOK-16A5DDAD,460.5,8,3.1,False,19,Neutral
263,Female,30,ENC:LdFHSMfcqSjeno9HhK/AS9dUoy4Y9CMsxaC9e0G6W2s=,TOK-003E6BD7,1190.8,16,4.5,True,20,Satisfied
264,Male,33,ENC:9W7m3tSmTuOy7FM+8/FZYj10OOmfhVcjS9jxlEm4mS0=,TOK-68D9784B,830.75,13,4.2,False,14,Satisfied
265,Female,42,ENC:m+bS3NhCSo1XlaO2sqlDqdWYitad0+64+VdFJXS14OU=,TOK-16A5DDAD,520.4,9,3.5,True,37,Unsatisfied
266,Male,29,ENC:L/nGm0bCtqPp79ne8Z3/m52HZMV102QPEMT69EMHTww=,TOK-003E6BD7,1370.2,18,4.7,False,10,Satisfied
267,Male,26,ENC:g4BfNqTANDTNk71WOFjMs/j7jQJBUGmVdMhoVA9CL/U=,TOK-68D9784B,690.6,12,3.9,True,47,Unsatisfied
268,Female,38,ENC:lXK8GgnM9e+cca/XRY6cqqNHogCfkKC67k85qhE9ri4=,TOK-16A5DDAD,440.9,8,3.2,False,24,Neutral
269,Female,32,ENC:FctcCrxwU7JUsmUuC2rg5GPcJcN+7p6oQh/QD96mvJc=,TOK-003E6BD7,1160.3,14,4.4,True,22,Satisfied
270,Male,34,ENC:nuczCuHcuM/T16gzjkPE8RngCsHLy9zOZG+bPjeF9Mc=,TOK-68D9784B,800.2,11,4.1,False,17,Neutral
271,Female,43,ENC:1ZqOzcDmO7gIrSLJkJfGMCElKvHH1cSQ39WoOvnpek4=,TOK-16A5DDAD,500.75,10,3.3,True,40,Unsatisfied
272,Male,30,ENC:hkTcKK4UypBREayWEF46T4l9e1Fse2faJHNyPZedodo=,TOK-003E6BD7,1460.5,20,4.8,False,12,Satisfied
273,Male,27,ENC:KQWteYTL+wFYgmLgBuKA914pwv30xZexOaFYF9zsUi0=,TOK-68D9784B,700.4,13,4.0,True,53,Unsatisfied
274,Female,37,ENC:+VXk0b+/ov5+hQr41K2SzT0XGtdMm1vrutD3DhXQTtY=,TOK-16A5DDAD,430.8,7,3.4,False,23,Neutral
275,Female,31,ENC:qDC6z40sjhn9ENSeyx/kTUrFglXqrpOyrBv1cmGdpgE=,TOK-003E6BD7,1140.6,15,4.5,True,27,Satisfied
276,Male,35,ENC:XrGo9zcPwVenxFFpHuUSlc/jHFSWqQusArQ/JH3Wbco=,TOK-68D9784B,820.9,12,4.3,False,12,Neutral
277,Female,41,ENC:gP1xsJpHV4OfjLxHobpksFb2Ak5YqjeKSIBANVoLyTs=,TOK-16A5DDAD,480.25,9,3.6,True,38,Unsatisfied
278,Male,28,ENC:EgR0RrF+4b7y1DpEOXWWx8SzCNlIWBwoj7ebgVwpERM=,TOK-003E6BD7,1490.1,21,4.9,False,9,Satisfied
279,Male,32,ENC:Jy4DKwOuKpPu1c8JIKJ9aJk8TYJ8rhtrGuxHdmy0Egc=,TOK-68D9784B,680.3,10,3.8,True,32,Unsatisfied
280,Female,36,ENC:oy8ukd6wupkgOUL/kM6B4zPKiGcZugbrRdVfnphHPLo=,TOK-16A5DDAD,470.5,8,3.0,False,18,Neutral
281,Female,30,ENC:+yC0OZnGYO305AgpFVoCcpMwboqGyIhKjAqPj8Fb7Vs=,TOK-003E6BD7,1180.8,16,4.7,True,19,Satisfied
282,Male,34,ENC:M6SKSjxGezM74KjgtERk1W7qzfcnpU6PG7NULRerKBU=,TOK-68D9784B,790.2,11,4.0,False,15,Neutral
283,Female,43,ENC:awh6O3SJI6JjSZcBpJYbJbgjaJyNnE1qroVtKcGu2Wg=,TOK-16A5DDAD,505.75,10,3.3,True,39,Unsatisfied
284,Male,30,ENC:GNsQKm/78suWeMNPHRdRiHSvmvoh9xwEVAdwQ9f6fh8=,TOK-003E6BD7,1470.5,20,4.8,False,13,Satisfied
285,Male,27,ENC:xbnOGtGYpzJ+c/kJRukfYJL3yJC9oVM+1ASKMVpUyis=,TOK-68D9784B,710.4,13,4.1,True,54,Unsatisfied
286,Female,37,ENC:tRkOSn6wn9wRDP2L6598VpF3bakcIzS6ncPBvzIXsz8=,TOK-16A5DDAD,430.8,7,3.4,False,23,Neutral
287,Female,31,ENC:4A9pWSiMswo0/Sk+x/lg+c045LmhOVmixet2RmUzanM=,TOK-003E6BD7,1130.6,15,4.5,True,26,Satisfied
288,Male,35,ENC:zyZU64nDuoM+OWjzrZ35A3tWjxx4uLl5UQ9X58oosXc=,TOK-68D9784B,820.9,12,4.3,False,13,Neutral
289,Female,41,ENC:dpqbfKT4wLCjIrIoAGR4OMI+8kG5yRXsMKBDLtYO3i0=,TOK-16A5DDAD,485.25,9,3.6,True,39,Unsatisfied
290,Male,28,ENC:175NRDNdU7DRO549N12qXIfzt2S0B+Y7RTGQsemvjdc=,TOK-003E6BD7,1500.1,21,4.9,False,10,Satisfied
291,Male,32,ENC:X8lnuJn6OVJqp733LUkIufDUX0Rj5kqB9JhZGj2JFCs=,TOK-68D9784B,670.3,10,3.8,True,33,Unsatisfied
292,Female,36,ENC:6NeMxu6rl0fL6yTE5pVWlQdSiltQHZNQYng73W6ptUY=,TOK-16A5DDAD,460.5,8,3.1,False,19,Neutral
293,Female,30,ENC:7+SEdg2+YF59gernyECchXqe5p6Hey617dwwDmeKtts=,TOK-003E6BD7,1190.8,16,4.5,True,20,Satisfied
294,Male,33,ENC:EamdpqxPFoPS+KHEcWBENf32J7Hx4krI8uXBc5MeSPo=,TOK-68D9784B,830.75,13,4.2,False,14,Satisfied
295,Female,42,ENC:/VLCnbF8T9FCji36O6fAiO4XLkGQSc95OTGn6MMJgE8=,TOK-16A5DDAD,520.4,9,3.5,True,37,Unsatisfied
296,Male,29,ENC:IFHPEnrkLR5CSZo6MkyzaG0YlcBxw4pEKTkYRwgBm+g=,TOK-003E6BD7,1370.2,18,4.7,False,10,Satisfied
297,Male,26,ENC:lR2QkC9M7LgxFrw42fg/AUSyAvQbSy5q+17lmtRBb8I=,TOK-68D9784B,690.6,12,3.9,True,47,Unsatisfied
298,Female,38,ENC:9Lad4563u7KIDufYxHmc5dlHW5p0IvYAyO1Nt0CbYFI=,TOK-16A5DDAD,440.9,8,3.2,False,24,Neutral
299,Female,32,ENC:tlHR2WGgiDwNaW9bHdtTSdmpS0gSy0MvVBGnQsbaM90=,TOK-003E6BD7,1160.3,14,4.4,True,22,Satisfied
300,Male,34,ENC:3lFizF5g3e/Vb83//OaVtsmBiErZxe/UolNoVI1CJxY=,TOK-68D9784B,800.2,11,4.1,False,17,Neutral
301,Male,36,ENC:87SX7h8Y6iomdQrlOd/A/qSuZCySN/vdPZ3RkqMRFuI=,TOK-003E6BD7,1420.8,19,4.6,False,11,Satisfied
302,Female,29,ENC:PfTs5ozL9gVOWknEuw4/ZXrqvKxT512MFGJS8WOpM8w=,TOK-68D9784B,730.4,14,4.0,True,50,Unsatisfied
303,Female,35,ENC:+e9tbxZAX3XDbrKSvIWk+ks1lqrTfzqQCDbCD/GYZFg=,TOK-16A5DDAD,450.6,7,3.3,False,21,Neutral
304,Male,31,ENC:cZldx0wG1MzSmFJry5KZy+OfQ19/kSj4lSusdRdmroM=,TOK-003E6BD7,1210.6,17,4.8,True,18,Satisfied
305,Male,27,ENC:C7nz1TnnIuLepbDKkOBKMZd79AT7BNFlpAf7ZmItlZE=,TOK-68D9784B,780.9,11,4.2,False,16,Neutral
306,Female,42,ENC:eZWxnbUrRTyWkiKVMY5VQd4mmYTngwcffQCD/czCK/8=,TOK-16A5DDAD,495.25,10,3.5,True,35,Unsatisfied
307,Male,29,ENC:2CvrcN2vwJXo517te6ibD0bT5ITGhqSd1if/fslXn4k=,TOK-003E6BD7,1390.2,18,4.7,False,9,Satisfied
308,Male,26,ENC:qKaGO1KvWAxfQNEtzohQ2JBahhu5I40VEfKXDuTKSgk=,TOK-68D9784B,670.6,12,3.9,True,46,Unsatisfied
309,Female,38,ENC:QM8U/yXMJi2uW4nKZ4Ku5PWyv3PcP2rA2N52qA2T2iU=,TOK-16A5DDAD,460.9,8,3.2,False,25,Neutral
310,Female,32,ENC:Ow1y6wZH1MyXFpY2DvCQH9pn8eIHqTzR7IMtsGFUyes=,TOK-003E6BD7,1170.3,14,4.5,True,21,Satisfied
311,Male,34,ENC:8ZYg6oFJ1pOWlFyU+GeX2/XettRUAD+8C0sLa46bYSw=,TOK-68D9784B,810.2,11,4.0,False,14,Neutral
312,Female,43,ENC:jU29nFXR9EfU+XOvglma6sGv3lNyKmtlfZqc1uqpkHE=,TOK-16A5DDAD,515.75,9,3.3,True,38,Unsatisfied
313,Male,30,ENC:19WD4A3Q5T7hEqZ0eGKHzYZ5qYH6BvtKdveNqluk+tE=,TOK-003E6BD7,1450.5,20,4.8,False,12,Satisfied
314,Male,27,ENC:C8hZaf04nEZzQCtP05aqvW/1A3DiTkgS2o3R6oHI2s8=,TOK-68D9784B,690.4,13,4.1,True,52,Unsatisfied
315,Female,37,ENC:bzKucNQUBF9NTI7bq2bVO0w1beF2gD+hTwq/uYZlQbI=,TOK-16A5DDAD,420.8,7,3.4,False,24,Neutral
316,Female,31,ENC:NNMEVAmusnd9QwiTLnbg123s6ndkv0SVeN6T5wL+afM=,TOK-003E6BD7,1130.6,15,4.5,True,26,Satisfied
317,Male,35,ENC:6hveNr3Atd5aOxE1Jy521c5z3bHNcdKSZ5kXQTBCrWc=,TOK-68D9784B,820.9,12,4.3,False,13,Neutral
318,Female,41,ENC:Q9YK0lZzT5xDxAIQzwnwcJ7C3I6K46zxsbtKbkpWeyI=,TOK-16A5DDAD,480.25,9,3.6,True,39,Unsatisfied
319,Male,28,ENC:121JHEoW+rFrmLFQL32aUp5nC5i0TcHbReL7+RDOuGc=,TOK-003E6BD7,1490.1,21,4.9,False,9,Satisfied
320,Male,32,ENC:VhetA7q65SnaLNNp8HXR/uzk5fkhDlWk/UfQfzF6nrs=,TOK-68D9784B,680.3,10,3.8,True,32,Unsatisfied
321,Female,36,ENC:R8UTlqc5tiEgGkiaEyGn22F8Gp9ERVbyoT6ruvoPQqE=,TOK-16A5DDAD,470.5,8,3.0,False,18,Neutral
322,Female,30,ENC:npYnfhQe7EzvSEil4KFVYivSmh6KoKFZMfW6wWZE41w=,TOK-003E6BD7,1180.8,16,4.7,True,19,Satisfied
323,Male,34,ENC:ThP7afT6q85yC7b7lGt7VOi2CfOMNwDpqFEXn6g9whE=,TOK-68D9784B,790.2,11,4.0,False,15,Neutral
324,Female,43,ENC:R8dM++w7n6r0szjW3vmpSlKs3eikT2X+j7svtxDjXK8=,TOK-16A5DDAD,505.75,10,3.3,True,39,Unsatisfied
325,Male,30,ENC:F1PksaRRlbTOnL+Qg12OhXxKj28VGi3Nq8tn1Q3zKm8=,TOK-003E6BD7,1470.5,20,4.8,False,13,Satisfied
326,Male,27,ENC:28Us006hZbaF6hZxLyqZkainvIENrbE6YCi7kQB30IE=,TOK-68D9784B,710.4,13,4.1,True,54,Unsatisfied
327,Female,37,ENC:cwg03SCoE7F7DPqNZxkBG4ylqnTCSal9k9lVdkpQXTI=,TOK-16A5DDAD,430.8,7,3.4,False,23,Neutral
328,Female,31,ENC:5QqeMEiioogDw4+mGp7LPR1s1PH457mHzgWe8D6K0Kk=,TOK-003E6BD7,1140.6,15,4.5,True,27,Satisfied
329,Male,35,ENC:ILBZ/rkp3EKtvQcXlbG4rz7xeIS6VenOAjo8bvrbpd8=,TOK-68D9784B,820.9,12,4.3,False,13,Neutral
330,Female,41,ENC:i0uHsD+W7uFwANQj73JFgAnsomsm6bAWTENJTk9zukQ=,TOK-16A5DDAD,485.25,9,3.6,True,39,Unsatisfied
331,Male,28,ENC:8LtaSPAPRtviS+6bFzqlBNx/PIoHB0AEP1pb7ew+Z2A=,TOK-003E6BD7,1500.1,21,4.9,False,10,Satisfied
332,Male,32,ENC:l2G7B4StNzh4kxvEQo64u++FUrZzbN5kxiV1u/SO1y0=,TOK-68D9784B,670.3,10,3.8,True,33,Unsatisfied
333,Female,36,ENC:BpjOAuhzk/EADRiFLgKlhaYKO7Jmjho/JHr5lUtlIKo=,TOK-16A5DDAD,460.5,8,3.1,False,19,Neutral
334,Female,30,ENC:Fej+hmUI+AQDlMNidFsAlkuVoCd0svyhxrAHtD60Tvw=,TOK-003E6BD7,1190.8,16,4.5,True,20,Satisfied
335,Male,33,ENC:51PY/ALEc3Mdjzyo0Nh9M0rP8WwpAgOdFxlQ0E8urWM=,TOK-68D9784B,830.75,13,4.2,False,14,Satisfied
336,Female,42,ENC:0khIjjuAtPc7Vgkdbppfg2Bk3JodaSjsMYklv6Sf9Fg=,TOK-16A5DDAD,520.4,9,3.5,True,37,Unsatisfied
337,Male,29,ENC:Dbfm9uIzWGGb35wdZlYsX5ghm8QjvRrtZlXi2N3UOD8=,TOK-003E6BD7,1370.2,18,4.7,False,10,Satisfied
338,Male,26,ENC:h1CnT/3wrLziCwHEoJqCqsf8102dL3l4BNa2BMUiev0=,TOK-68D9784B,690.6,12,3.9,True,47,Unsatisfied
339,Female,38,ENC:UjplPjAIPRQ4Q+eje0bTVYiJ9zKtIKD9mb5Tk9y82h0=,TOK-16A5DDAD,440.9,8,3.2,False,24,Neutral
340,Female,32,ENC:JgZKJ4I95PId0lY0QjPspvQL/ySX4/xoDwsGOOn/dEM=,TOK-003E6BD7,1160.3,14,4.4,True,22,Satisfied
341,Male,34,ENC:5LkbtL3y7dNmV/tIEwqYwRDrVdtvlZIt+aM5d7hkw+A=,TOK-68D9784B,800.2,11,4.1,False,17,Neutral
342,Female,43,ENC:/6NaQi/4CUaF/VkL+/uPpyjrsjA8G749tbJcM2WsP5Q=,TOK-16A5DDAD,525.75,9,3.3,True,40,Unsatisfied
343,Male,30,ENC:vkpYm6WFDYvI3no1CS6wmvwpeKKGNKISs+0gbtaNErM=,TOK-003E6BD7,1460.5,20,4.8,False,11,Satisfied
344,Male,27,ENC:mPGfzY5mhw+lkuzN9Q4cznXavprs4sCJWosWVFIam4U=,TOK-68D9784B,720.4,13,4.0,True,55,Unsatisfied
345,Female,37,ENC:ozTllQJdkU+rJV5q0ZqANR8pbgi15uMwsruxmlk8jcI=,TOK-16A5DDAD,440.8,7,3.2,False,25,Neutral
346,Female,31,ENC:fSkrg0Cnz+B5DHzSGU4Lq3278GF4l1GOPN8RVS6wzuw=,TOK-003E6BD7,1150.6,15,4.5,True,28,Satisfied
347,Male,35,ENC:MrWUpJc55UTx4SxJbZIsOEF1ZWbHPs3vzTAM0CYEwsk=,TOK-68D9784B,830.9,12,4.3,False,14,Neutral
348,Female,41,ENC:cHXoc2mRAlbahBITdQB1BOJUlRW4JT7SYH71BDMvjrU=,TOK-16A5DDAD,490.25,9,3.6,True,40,Unsatisfied
349,Male,28,ENC:w/SeWe2CY46V/rBfG+stcGPgfFBrViirqG/ALADT89Y=,TOK-003E6BD7,1480.1,21,4.9,False,10,Satisfied
350,Male,32,ENC:UnIB100FJu8x+k6aEzJAIeKebBBTe9r3J3p7dlrOeAk=,TOK-68D9784B,690.3,10,3.8,True,34,Unsatisfied
351,Female,36,ENC:0Ycb3Lpy/aWEfTJhiBK70dMyFGDmoMZHU4UR/mSoZHs=,TOK-16A5DDAD,480.5,8,3.1,False,20,Neutral
352,Female,30,ENC:Z36dZp1udXvq8Z1VkySLSr09qjaXObDIyYmU9XsVpZs=,TOK-003E6BD7,1170.8,16,4.7,True,21,Satisfied
353,Male,34,ENC:pnP8cw1C4KIAeP6hlrDvgB9/NHa5P7gn/Qr38n3YtQE=,TOK-68D9784B,790.2,11,4.0,False,15,Neutral
354,Female,43,ENC:QgV6ZPdXWY4s+fESXa/b5ZCfQRAeuaUkegGver77nyo=,TOK-16A5DDAD,510.75,10,3.3,True,41,Unsatisfied
355,Male,30,ENC:f32GYesNXm5NnXhPxn/RAT6NrcN0T0gpNiIGXN0tDIM=,TOK-003E6BD7,1440.5,19,4.6,False,12,Satisfied
356,Male,27,ENC:XRLGqrujj0BZiXNT6HlUAaMwopXaHYykVWHIKSA07gs=,TOK-68D9784B,700.4,13,4.1,True,56,Unsatisfied
357,Female,37,ENC:E4fsW8dZ7M3LrVNeCdrCQeGdLwC5GKZ7E7TrTEnZ0GU=,TOK-16A5DDAD,410.8,7,3.4,False,26,Neutral
358,Female,31,ENC:MFtDz2D3xEP90jJyDESlDio/2hgCv5U4ZVoqvSQ9ibQ=,TOK-003E6BD7,1160.6,15,4.5,True,29,Satisfied
359,Male,35,ENC:xgSwP7fkx3DjPD/neHDa+EAc8u3692LcUEtvIQKlFPM=,TOK-68D9784B,810.9,12,4.3,False,14,Neutral
360,Female,41,ENC:UBBRrXqaEnQRLAIW+ddL9UsiooHZ7+6JrdE3PG7nKmw=,TOK-16A5DDAD,495.25,9,3.6,True,41,Unsatisfied
361,Male,28,ENC:MDB1XsSxE1xsPXoWjk20FzCDa9q49VINqZ7r8pOMOmo=,TOK-003E6BD7,1490.1,21,4.9,False,10,Satisfied
362,Male,32,ENC:hcezvFpAe0Wf0bhk4iPpm1rwVCp2B6uLZhxFB7/oKcI=,TOK-68D9784B,660.3,10,3.8,True,35,Unsatisfied
363,Female,36,ENC:C6IBzPWWXwFOm6xG9fqWu60u/ycbOMH/fv6WpQh6bfY=,TOK-16A5DDAD,430.5,8,3.1,False,21,Neutral
364,Female,30,ENC:iJno9BD3PGBNEOzm6Q4Zo15J3i6ZH6sDxzogSrlokVE=,TOK-003E6BD7,1200.8,16,4.7,True,22,Satisfied
365,Male,34,ENC:SRShKMLCFRmKbQiAEhw5KF1OmvrNCBf6bJzRImYGEjE=,TOK-68D9784B,780.2,11,4.1,False,16,Neutral
366,Female,43,ENC:ODKUY+HD2Ct1LYzxs/6a5ALmb5SZCsGiFuUpxDjn6m8=,TOK-16A5DDAD,505.75,10,3.3,True,42,Unsatisfied
367,Male,30,ENC:DaL6/hgIu+SG8U1E2M1s3L4mE8p9cT6d2Z9bCkZnN6k=,TOK-003E6BD7,1460.5,20,4.8,False,13,Satisfied
368,Male,27,ENC:8icdw4j7vxRFx9nmQEHCuVwuPwAwWdyR7vFISceVJfk=,TOK-68D9784B,710.4,13,4.1,True,57,Unsatisfied
369,Female,37,ENC:+qKbUjsp8NGVEEJr+ixOWwul6VRNJy+sBlLjrScY6Oo=,TOK-16A5DDAD,450.8,7,3.4,False,24,Neutral
370,Female,31,ENC:MZW83k6+IXAVGqCG/eBIeusZgu/qtVUWz3xK0yFaG/8=,TOK-003E6BD7,1140.6,15,4.5,True,30,Satisfied
371,Male,35,ENC:7k4xzZcDoEtTx96jBSjdMbCRpfqqp2VA9KePuqNQGb4=,TOK-68D9784B,800.9,12,4.1,False,17,Neutral
372,Female,41,ENC:tQPP8PL+R5GS+ev4hhRajlz6RO3zvEaKybaXemV1mlA=,TOK-16A5DDAD,475.25,9,3.6,True,42,Unsatisfied
373,Male,28,ENC:8RPg0QTuC3BhLva2Qa+PMX2S7GTfNlmIeTAFBsVA+sQ=,TOK-003E6BD7,1480.1,21,4.9,False,11,Satisfied
374,Male,32,ENC:eoAYYiywvRioh65FiAkiCgqT8ZIAMMGfpdI01cou6UE=,TOK-68D9784B,660.3,10,3.8,True,36,Unsatisfied
375,Female,36,ENC:9aip4XxVswF3f5WV5GROxl48THm8Fjuhm+6G8MPjg84=,TOK-16A5DDAD,470.5,8,3.0,False,22,Neutral
376,Female,30,ENC:6XTs/EakaywJV4X9DWpZdC6vkm4/0n9lTADfOsmokUE=,TOK-003E6BD7,1190.8,16,4.5,True,23,Satisfied
377,Male,33,ENC:9xAnnwzaoHSNp+POOXyKmTZavSOXEcdqhSV3CkuIJcM=,TOK-68D9784B,770.2,11,4.2,False,18,Neutral
378,Female,43,ENC:k7vXU0zFMWIFOmK2BojlO3DnFgmtoxGGG/11bX/GPvg=,TOK-16A5DDAD,515.75,10,3.3,True,43,Unsatisfied
379,Male,30,ENC:yM5KG9zYDZCEFG4OTyS0suXaQkmjGjq8yxgDpW6YRik=,TOK-003E6BD7,1450.5,19,4.6,False,12,Satisfied
380,Male,27,ENC:jjwN/UjapZ3NzfjXMbGXnVStZ9YFSrXblKUvABkRnhE=,TOK-68D9784B,710.4,13,4.1,True,58,Unsatisfied
381,Female,37,ENC:BTBx1isfSOpQHGOA9/dG/Pj47jybU7nS6WDlPSge9qU=,TOK-16A5DDAD,430.8,7,3.4,False,27,Neutral
382,Female,31,ENC:FbGoNfc5mV4KVbkwsJRbIxEgYz3gX0ho2Z4YWVdEp5g=,TOK-003E6BD7,1160.6,15,4.5,True,31,Satisfied
383,Male,35,ENC:iT19AZiiLAyNQMVkPE8jyeMe0Ae8JGGqJKIQplo8KzE=,TOK-68D9784B,820.9,12,4.3,False,15,Neutral
384,Female,41,ENC:Z2E3DNwAyV5OPXez7YpwgH86Zgk9F56ql1SX01vHvkY=,TOK-16A5DDAD,495.25,9,3.6,True,43,Unsatisfied
385,Male,28,ENC:Lk9dyVF2HxGFBbbDNw9HKliDQ3fLHeUP+c+Yej9/iiU=,TOK-003E6BD7,1490.1,21,4.9,False,10,Satisfied
386,Male,32,ENC:O+5bu5j117+7eyULV/uwb+LCLNSx4jRoGr+/drrD5do=,TOK-68D9784B,660.3,10,3.8,True,37,Unsatisfied
387,Female,36,ENC:Cm8iVzC631e/45HOXhb58MZAbmUf/3nRMvoVp4bdwV8=,TOK-16A5DDAD,440.5,8,3.1,False,23,Neutral
388,Female,30,ENC:pSHplEDXB5Lpuw4k5ErO02Az60RjbQR2kOWUf3EJDo4=,TOK-003E6BD7,1200.8,16,4.7,True,24,Satisfied
389,Male,34,ENC:3SVw+W7ZdmBe4qOFPQgjP0eCKt7yqxjr91zPvj3vlZ8=,TOK-68D9784B,780.2,11,4.1,False,16,Neutral
390,Female,43,ENC:3UKGgnTMpkuCzSyd+bruQWS49mK9N4NFSp1IlwZY2a8=,TOK-16A5DDAD,505.75,10,3.3,True,44,Unsatisfied
391,Male,30,ENC:/s1Vesv5l89ttC5Xss2Buq1Xb5/DEKwV+ywguH4G47I=,TOK-003E6BD7,1460.5,20,4.8,False,13,Satisfied
392,Male,27,ENC:CHkzuwgoxYyNGv2aLWeKsg6bd7V2pzXU1EtToAuOMJQ=,TOK-68D9784B,710.4,13,4.1,True,59,Unsatisfied
393,Female,37,ENC:jRzSGNZfRnWtsdUBkLWptVrngIaj1spvP1vycZ5UUUY=,TOK-16A5DDAD,450.8,7,3.4,False,28,Neutral
394,Female,31,ENC:na62CcU34WY2gFt0Fag0y2vtJn5qaCXJGckefXWez60=,TOK-003E6BD7,1140.6,15,4.5,True,32,Satisfied
395,Male,35,ENC:MyfqQRsAVye5+SuhBPpZvdztBMxwuR7JjIGERYO3nMs=,TOK-68D9784B,800.9,12,4.1,False,17,Neutral
396,Female,41,ENC:uZ9NNm/MNi+pCTnI7yz9bHtxZBPTQFQwawSI/mZQ4gA=,TOK-16A5DDAD,475.25,9,3.6,True,44,Unsatisfied
397,Male,28,ENC:k9iuOEJTWyz7Y51cX/GjHoUZRqE+y9ih3mAREsK9q88=,TOK-003E6BD7,1480.1,21,4.9,False,12,Satisfied
398,Male,32,ENC:pgGraRd/B1aAZDas7BVDfDWjEiLRtrFgNlcDJbCzBt8=,TOK-68D9784B,660.3,10,3.8,True,38,Unsatisfied
399,Female,36,ENC:AMfzvrxp6lN1qbzzi8o6mpZwrO3ZzsT0YUe2Rd+Z10k=,TOK-16A5DDAD,470.5,8,3.0,False,22,Neutral
400,Female,30,ENC:j0KTxq/+nZeSmeMIj5bxPipJHLX2Zkm61XBeOKyRd2g=,TOK-003E6BD7,1190.8,16,4.5,True,25,Satisfied
401,Male,33,ENC:F/C3Or4nR6NpK5xAFmOUsE6z0/ZMe0mrsf9H6PdFejY=,TOK-68D9784B,800.2,11,4.1,False,18,Neutral
402,Female,43,ENC:X/2Xt01lpamL3lK3lQyu0o1K8iEt3y7vr1BYJs1NXZg=,TOK-16A5DDAD,515.75,10,3.3,True,45,Unsatisfied
403,Male,30,ENC:xY/xUBWq19Fur0+Oawzju79DHJDC6LDioqnAPtXsGhY=,TOK-003E6BD7,1450.5,19,4.6,False,13,Satisfied
404,Male,27,ENC:naJXjPfx/Le2hLI00zxAnHGfg5uOLqyfK8SWD4w3SNE=,TOK-68D9784B,710.4,13,4.1,True,60,Unsatisfied
405,Female,37,ENC:QxLCz8RpnDiuZRKdUcIYmCV6wJF3UHoV/leRUlU6UHw=,TOK-16A5DDAD,430.8,7,3.4,False,29,Neutral
406,Female,31,ENC:5pA7j6wdyY7MKJ+/8szWKP+9n3CUZ4yelTPA++YTG84=,TOK-003E6BD7,1160.6,15,4.5,True,33,Satisfied
407,Male,35,ENC:WcrO88hgVfPQYsGNm65/qgJ6beLFSOQUQidAmnC2VVg=,TOK-68D9784B,820.9,12,4.3,False,16,Neutral
408,Female,41,ENC:SdP7TWJTXSXzHjs4hcgXhW5q8b8IxzR44+h8Bcac78w=,TOK-16A5DDAD,495.25,9,3.6,True,45,Unsatisfied
409,Male,28,ENC:pb6H1e+K7F0iFB/ve5adNZnbBa8YyM21mzdEQw8VQsg=,TOK-003E6BD7,1490.1,21,4.9,False,11,Satisfied
410,Male,32,ENC:85SLO7icNzaCNRqnUjZ2lQIlYxLZ6o+/v/4xmGXugx8=,TOK-68D9784B,660.3,10,3.8,True,39,Unsatisfied
411,Female,36,ENC:l5hWz7M1wsd6tLXQFdXR2LliBREbqQfEaUHd7QNPmDE=,TOK-16A5DDAD,440.5,8,3.1,False,24,Neutral
412,Female,30,ENC:iZlENoDxQxV6pTY5kiEHgyEu3KF9ev4p3eZhdrEPAYw=,TOK-003E6BD7,1200.8,16,4.7,True,25,Satisfied
413,Male,34,ENC:u1hdLWIueolXxSfxZdY48oEootBBMIRLuCQSGd16vco=,TOK-68D9784B,780.2,11,4.1,False,17,Neutral
414,Female,43,ENC:cM43nBzOcxr+hkEK0JgJO2kcrs7rihXeoBpmXUlD5s0=,TOK-16A5DDAD,505.75,10,3.3,True,46,Unsatisfied
415,Male,30,ENC:VhU+sd7Fa52vrG84wfY9Ey2+/TgIprz6ijkx526y7HI=,TOK-003E6BD7,1460.5,20,4.8,False,14,Satisfied
416,Male,27,ENC:87G1/oLHa1oN44LehCYo5xp+QIIvry6a5jd8YvDK3DA=,TOK-68D9784B,710.4,13,4.1,True,61,Unsatisfied
417,Female,37,ENC:f2N07Jq1NGOftjHBl9U7MLOCQm0LETo5nLeqj/MsP34=,TOK-16A5DDAD,450.8,7,3.4,False,30,Neutral
418,Female,31,ENC:wxkuO4cjtUFfiFOxnSU8WiuhZn8RM81NnSjnFBCdMCQ=,TOK-003E6BD7,1140.6,15,4.5,True,34,Satisfied
419,Male,35,ENC:Pb0OoLjSlohbTfGw+r3Zf7rIyzR2gbzjGcKx0o0d7rU=,TOK-68D9784B,800.9,12,4.1,False,19,Neutral
420,Female,41,ENC:GFr3Q6FXT4BfQdYzPzE7D31JoJVNMoSzJfenqh6C1Qo=,TOK-16A5DDAD,475.25,9,3.6,True,46,Unsatisfied
421,Male,28,ENC:fSNrQBuhPiPGrsnJ6ZJEsyudRKdN9+kB14RoGmq+GII=,TOK-003E6BD7,1480.1,21,4.9,False,12,Satisfied
422,Male,32,ENC:tN34Kfs9Er97qePh0TTZLnveIqSki5AZdyzJGQwC3VQ=,TOK-68D9784B,660.3,10,3.8,True,40,Unsatisfied
423,Female,36,ENC:R2ebF61rhX+++pwImmnsfY2eic3xvmB9xnFJ7qAP0c4=,TOK-16A5DDAD,470.5,8,3.0,False,26,Neutral
424,Female,30,ENC:43xQFTz2z37bv8TL5PfA9wWcJg+K28B8QtmFOkJdZ7A=,TOK-003E6BD7,1190.8,16,4.5,True,27,Satisfied
425,Male,34,ENC:VzCQ8FbMr29mJqJUqQ7h44SS5Ilc8dCJoKaaGNf/7uc=,TOK-68D9784B,780.2,11,4.2,False,18,Neutral
426,Female,43,ENC:KO58yA3oDeODly6jvfKRgcnbSjCCEh7xwxEHb8BMxE8=,TOK-16A5DDAD,515.75,10,3.3,True,47,Unsatisfied
427,Male,30,ENC:jGKyQehMVH+nuCH2EQF/efUJJJojDJNHCnrb1Me/ZDI=,TOK-003E6BD7,1450.5,19,4.6,False,14,Satisfied
428,Male,27,ENC:173VwHTSa4K53na2lqYETWbnmP7+Wy23HRuwYCSMMao=,TOK-68D9784B,710.4,13,4.1,True,62,Unsatisfied
429,Female,37,ENC:iu53aUsE1HO2NlagzpyolhBhY24fNzq9icpKf/HjbNY=,TOK-16A5DDAD,430.8,7,3.4,False,31,Neutral
430,Female,31,ENC:C2b4kpyeqacaryNN0NB8oIOnEIaGVpzdK+UHkfwM4hQ=,TOK-003E6BD7,1160.6,15,4.5,True,35,Satisfied
431,Male,35,ENC:87+46Gz3ugMQjuCyvPpltdGvd3Nq3HT0MXNjD+2s7aY=,TOK-68D9784B,820.9,12,4.3,False,20,Neutral
432,Female,41,ENC:Iwqg045JCaZ/KT7gaSPgYosJ0mv4ycK/VluXCHyaaJY=,TOK-16A5DDAD,495.25,9,3.6,True,47,Unsatisfied
433,Male,28,ENC:lNKQJSgcyljewjhBhRS+z8vLX6f87RANq1RtGj7SGpc=,TOK-003E6BD7,1490.1,21,4.9,False,11,Satisfied
434,Male,32,ENC:eHsexK/SK4rrZKR5BxJoATANkVwzoJAYPF5EGfGnqdE=,TOK-68D9784B,660.3,10,3.8,True,41,Unsatisfied
435,Female,36,ENC:llReSZJu4kxQtGuQyYdaoofR8c+qsAvVBmtEEc3PxfU=,TOK-16A5DDAD,440.5,8,3.1,False,28,Neutral
436,Female,30,ENC:10nNROYS5m0BKn3uXIMVcs91n3eAml/3ReKaqJH/jKc=,TOK-003E6BD7,1200.8,16,4.7,True,28,Satisfied
437,Male,34,ENC:A4GtqMzsMQ1hxqPpUnE69A+W3I1ZPmcpi0FwEms9ZmQ=,TOK-68D9784B,780.2,11,4.1,False,19,Neutral
438,Female,43,ENC:hV5WGX0gO+cT88WhU+HQrLXzCs3w1foXt5rBzBt8+10=,TOK-16A5DDAD,505.75,10,3.3,True,48,Unsatisfied
439,Male,30,ENC:wWuoeDiDYqBgoEFylcpFO4IzowdriHc/V2oT33dtbEw=,TOK-003E6BD7,1460.5,20,4.8,False,15,Satisfied
440,Male,27,ENC:tL4sZFFneiJFlKe8RnO4g4Fk72s65CVzW3cksobiRBs=,TOK-68D9784B,710.4,13,4.1,True,63,Unsatisfied
441,Female,37,ENC:K2JMnzHcIK7k0PO+nE3d+a+GD2dvit8PnVqVbZMnQAU=,TOK-16A5DDAD,450.8,7,3.4,False,32,Neutral
442,Female,31,ENC:CDikaTteaNrqcuFNCcGgLMoYRObzqBajtufSkmg0dlw=,TOK-003E6BD7,1140.6,15,4.5,True,36,Satisfied
443,Male,35,ENC:f7E5TdygnrFkqdoy/u+aCpIp7jEv3nXxwS8EnfZG2Tw=,TOK-68D9784B,800.9,12,4.1,False,20,Neutral
444,Female,41,ENC:U8dW8qE4I2spt61hl2eLPs7ny8N9LSaQyn/fI2m61mQ=,TOK-16A5DDAD,475.25,9,3.6,True,48,Unsatisfied
445,Male,28,ENC:x8A7hKejBZD0pTajE5lfOSp1lfYnvIFhmppvcSVgrBE=,TOK-003E6BD7,1480.1,21,4.9,False,13,Satisfied
446,Male,32,ENC:jQGxbnsb4iWcnAr5sE2bc929kzyzvlP9WcycBimp62E=,TOK-68D9784B,660.3,10,3.8,True,42,Unsatisfied
447,Female,36,ENC:xtyjQY7odKY+yXH89IFeMgMCf/uQ/ldS9fpwctZYDYs=,TOK-16A5DDAD,470.5,8,3.0,False,27,Neutral
448,Female,30,ENC:iwLf7Luvk97EodbsUMzjlsdNWnRlR4uexggqNhK54IQ=,TOK-003E6BD7,1190.8,16,4.5,True,28,Satisfied
449,Male,34,ENC:pGm7kNsj8Ua75olCdq9WGv3olbksaqGxuz13f8UgnIo=,TOK-68D9784B,780.2,11,4.2,False,21,Neutral
450,Female,43,ENC:L16w7J39J3LPhpccBJIDUoycUUvtvYYs/TQZPCGMpsI=,TOK-16A5DDAD,515.75,10,3.3,True,49,Unsatisfied
